scenario,class,per_vehicle_per_day_kg,per_vehicle_total_kg,per_vehicle_total_tonnes
A,aircraft,2374.8900000000003,142493.4,142.4934
A,tank,566.765,34005.9,34.005900000000004
A,truck,34.5582,2073.4919999999997,2.073492
B,aircraft,2374.89,106870.05,106.87005
B,tank,528.30125,23773.55625,23.773556250000002
B,truck,32.559400000000004,1465.1730000000002,1.4651730000000003
C,aircraft,2374.8900000000003,71246.7,71.2467
C,tank,528.30125,15849.0375,15.8490375
C,truck,30.5606,916.818,0.916818
