scenario,med,p5,p95
A,3433328.0451139435,2403971.3119821637,4624144.428177838
B,2593633.6577367694,1790720.3245960237,3514038.491796306
C,892821.3592769988,642501.3046900462,1202890.9422487442
