scenario,med,p5,p95
A,3184401.9706461476,2890171.1194359222,3465703.0293443096
B,2441527.0283283107,2260863.6851932765,2711229.7200768697
C,784321.232043958,724545.367360097,850245.2401958974
