scenario,class,total_kgCO2
A,aircraft,1424933.9999999998
A,tank,1700295
A,truck,207349.19999999998
B,aircraft,1603050.75
B,tank,713206.6874999999
B,truck,219775.95000000004
C,aircraft,356233.49999999994
C,tank,316980.75
C,truck,183363.6
