scenario,total_kgCO2
A,3332578.1999999997
B,2536033.3874999997
C,856577.85
